Context,Sentence,Frequency,Sample Index,Dataset,Dataset Type,RAG
"animal housing producing Pig, sow in Denmark. Additional description: Sows. Additional Context: The functional unit for the production system ""animal housing producing Pig, sow in Denmark"" is 1 kg of live weight (LW) of pigs leaving the pig unit, including culled SOWS and slaughter pigs.",ML model predicted kg liveweight/head but the humans predicted No kg liveweight/head.,54.45783132530121,0,functionalUnitQA,original,rag
"permanent pasture producing Beef cattle, steer in Brazil. Additional description: Beef, Brachiaria brizantha pasture (Scenario 2). What is in the system boundary? Additional Context: Here is a summary of the relevant life cycle assessment (LCA) information:**System Boundaries:*** The system boundary includes:+ Feed production (grain, silage, and concentrates)+ Fertilizer production+ Manure management+ Electricity and diesel fuel use+ Land use (pasture and grazing)+ Transportation of feed, fertilizers, and other inputs+ Farm operations (e.g., breeding, feeding, and slaughter)* The system excludes:+ Medicines and insecticides+ Machines and buildings+ Roads and infrastructure+ Carbon sequestration and biogenic carbon emissions+ Non-local feeds and production processes**Feed Production:*** Feed consists of:	+ Home-grown grass (silage and grazed grass)	+ Home-grown cereals (e.g., spring barley, maize)	+ Imported soy meal and minerals* Feed production is affected by:	+ Increased demand for feed (e.g., soybean production, mineral feed supplement production)**Land Use:*** Land use includes:	+ Pasture and grazing	+ Grassland for silage production* Land use is defined by:+",ML model predicted True_operation but the humans predicted No True_operation.,38.31325301204819,16,systemBoundaryQA,original,rag
"permanent pasture producing Sheep, ewe in United Kingdom. Additional description: High sugar pasture for sheep and cattle.. Additional Context: The functional unit for the production system of permanent pasture producing sheep in the United Kingdom is 1 ewe.",ML model predicted No kg cold carcass weight/head but the humans predicted kg cold carcass weight/head.,16.867469879518072,17,functionalUnitQA,original,rag
"animal housing producing Milk, cow, raw (FPCM) in Denmark. Additional description: Conventional dairy. What is in the system boundary? Additional Context: The system boundary of the conventional dairy production system in Denmark includes:1. Farm activities related to milk production2. On-farm and off-farm feeds production3. Purchase of feeds (concentrates, fodders, silages, cereals, proteic feeds)4. Purchase of bedding materials (straw, corn stalks, sawdust)5. Production of manure from animal breeding6. Purchase of productive agricultural factors required for on-farm feeds production (seeds, fertilizers, pesticides)7. Transport of animal feed and milk products8. Emissions from manure (raw or composted)9. Major building materials for farm and processing plant buildings (amortized over 50 years for farm buildings and 30 years for milk plant buildings)10. Employee transport and corporate office operation.",ML model predicted True_pesticideVeterinaryDrug but the humans predicted No True_pesticideVeterinaryDrug.,54.33734939759036,18,systemBoundaryQA,original,rag
"permanent pasture producing Beef cattle, bull in Ireland. Additional description: 19AL treatment where Bulls are offered grass silage ad libitum plus 1.5kg dry matter DM per head daily over the Winter period, turned out to pasture for 100 days and finished indoors on a concentrate ad libitum diet for 100 days and slaughtered at 19 months of age (this is the 2nd pasture phase). Additional Context: For the given production system, the appropriate allocation method is ""biophysical"" or ""economic"" since system expansion is not necessary. Biophysical allocation is not necessary because the system is a closed system where the inputs and outputs are well-defined, and the energy required to produce the beef is already accounted for in the production process. Economic allocation is the most suitable choice as it is a practical approach that takes into account the market value of the products and is consistent in application.",ML model predicted none but the humans predicted No none.,8.674698795180722,22,allocationQA,original,rag
"permanent pasture producing Beef cattle, cow in Brazil. Additional description: Beef, fertilized Guinea grass (Panicum maximum cv. Tanzânia) pasture + 75-day finishing period in confinement (Scenario 5). What is in the system boundary? Additional Context: The system boundary of this production system includes:* Permanent pasture producing beef cattle* Fertilized Guinea grass (Panicum maximum cv. Tanzânia) pasture* 75-day finishing period in confinement (Scenario 5)",ML model predicted True_liveAnimalInput but the humans predicted No True_liveAnimalInput.,93.97590361445783,23,systemBoundaryQA,original,rag
"permanent pasture producing Beef cattle, cow in Brazil. Additional description: Beef, fertilized Guinea grass (Panicum maximum cv. Tanzânia) pasture + 75-day finishing period in confinement (Scenario 5). What is in the system boundary? Additional Context: The system boundary of this production system includes:* Permanent pasture producing beef cattle* Fertilized Guinea grass (Panicum maximum cv. Tanzânia) pasture* 75-day finishing period in confinement (Scenario 5)",ML model predicted True_cropResidue but the humans predicted No True_cropResidue.,59.036144578313255,23,systemBoundaryQA,original,rag
"permanent pasture producing Beef cattle, cow in Brazil. Additional description: Beef, fertilized Guinea grass (Panicum maximum cv. Tanzânia) pasture + 75-day finishing period in confinement (Scenario 5). Additional Context: The functional unit for the beef production system is 1 kg of live weight (LW) of beef cattle.",ML model predicted relative but the humans predicted No relative.,95.3012048192771,23,functionalUnitQA,original,rag
"permanent pasture producing Beef cattle, cow in Brazil. Additional description: Beef, fertilized Guinea grass (Panicum maximum cv. Tanzânia) pasture + 75-day finishing period in confinement (Scenario 5). Additional Context: The functional unit for the beef production system is 1 kg of live weight (LW) of beef cattle.",ML model predicted days but the humans predicted No days.,10.0,23,functionalUnitQA,original,rag
"animal housing producing Beef cattle, calf (male, weaned) in United Kingdom. Additional description: Indoor cattle system.. Additional Context: The functional unit for the animal housing producing Beef cattle, calf (male, weaned) in the United Kingdom is 1 kg of live weight (LW) of beef cattle.",ML model predicted kg liveweight/head but the humans predicted No kg liveweight/head.,54.45783132530121,25,functionalUnitQA,original,rag
"animal housing producing Eggs, hen, in shell (number) in Thailand. Additional description: CB8-Parent farm 5. What is in the system boundary? Additional Context: Here is a summary of the relevant life cycle assessment (LCA) information:**System Boundaries:*** The system boundaries include all relevant material and energy inputs and emissions from the cradle-to-customer supply chains of Canadian egg and egg products in 2012.* The system includes:	+ Breeder Flock Facilities (chicks, feed, water, energy, manure management, spent hen disposal)	+ Layer Facilities (housing system type and characteristics, management practices, on-farm resource use, hen performance)+ Transport (inputs and emissions from transport of inputs and outputs)	+ Grading Facilities (grading, washing, packaging)	+ Retail (distribution to retailers)	+ Egg Breaking and Further Processing Facilities (production of liquid whole egg, egg white, or egg yolk products)**Functional Unit (FU):*** The FU is 1 kg of eggs leaving the farm gate.**Subsystems:*** Concentrate and Litter Production* Rearing Hen Husbandry (including hatching)* Laying Hen Husbandry* Transport**Ecological Indicators:*** Global Warming Potential (GWP)* Energy Use (EU)* Land Occupation (LO)* Fossil Phosphorus Use",ML model predicted True_liveAnimalInput but the humans predicted No True_liveAnimalInput.,93.97590361445783,30,systemBoundaryQA,original,rag
"animal housing producing Dairy cattle, cow in Southern Europe. Additional description: Aggregate cycle representing all 75 dairy farms sampled. What is in the system boundary? Additional Context: The system boundary of this production system includes:1. Animal housing2. Dairy cattle production3. Feed production (including alfalfa, silages, and grain premix)4. Manure management5. Fertilizer and pesticide use6. Irrigation and water management7. Fuel use (diesel, electricity, and natural gas)8. Equipment maintenance and operation9. Transportation of animal feed and milk products10. Farm infrastructure (buildings, roads, and tools)11. Labor and employee transportation12. Waste management (manure, wastewater, and packaging)13. Emissions from animal respiration and manure storage14. Production of ancillary inputs (seeds, fertilizers, and pesticides)15. Carbon sequestration and biogenic carbon emissions of locally produced feeds (not considered due to short vegetation cycles)The system boundary does not include:1. Emissions from land use change2. Emissions from transport of bulls to the slaughterhouse3. Emissions from processing of meat4. Consumption phase of the different products5. Major building materials (amortized over 50 years for farm buildings and 30 years for milk plant buildings)6. Medicines and seeds",ML model predicted True_fertiliser but the humans predicted No True_fertiliser.,94.93975903614458,31,systemBoundaryQA,original,rag
"permanent pasture producing Sheep, ewe in United Kingdom. Additional description: High sugar pasture for sheep and cattle.. Additional Context: The functional unit for the production system of permanent pasture producing sheep in the United Kingdom is 1 ewe.",ML model predicted No kg cold carcass weight/head but the humans predicted kg cold carcass weight/head.,16.867469879518072,33,functionalUnitQA,original,rag
" producing Pig in Germany. What is in the system boundary? Additional Context: The system boundary of the production system in Germany includes:1. Production of crops and feed2. Production of feed components (except fish meal and premix)3. Agricultural activities (e.g. fertilizers, pesticides, herbicides, diesel use)4. Animal production (including sows, piglets, and grow-finishing pigs)5. Slurry management and its application on agricultural lands6. Distribution of pig feed from Portuguese feed producers to the farm gate (400 km)7. Slaughtering of pigs and processing to pork8. Exclusion of packaging of meat, food retailing, and consumption of meat.",ML model predicted True_material but the humans predicted No True_material.,1.4457831325301205,40,systemBoundaryQA,original,rag
"animal housing producing Layer chicken, pullet in Mexico. Additional description: Chick breeding (6 weeks). Additional Context: The functional unit for the production system of animal housing producing Layer chicken, pullet in Mexico is a kilogram of egg production.",ML model predicted kg liveweight/head but the humans predicted No kg liveweight/head.,54.45783132530121,41,functionalUnitQA,original,rag
"animal housing producing Layer chicken, pullet in Mexico. Additional description: Chick breeding (6 weeks). Additional Context: For the animal housing producing Layer chicken production system, the appropriate allocation method is ""none required"" because system expansion is not necessary.",ML model predicted none required but the humans predicted No none required.,13.975903614457831,41,allocationQA,original,rag
"animal housing producing Milk, cow, raw (FPCM) in Italy. Additional description: Permanent Meadows Farm - representative of farms located in the Po plain where the cattle were fed principally with forage, compound feed and small quantities of alfalfa and corn feed, without silage feed and protein ingredients. In this system, the forage has spontaneously grown solely in the grassland of the farm and, during warmer seasons, has been left to dry into hay. Therefore, the milk produced is commonly known as “hay milk”, destined to produce Grana Padano cheese as well. Differentiating from the other plain systems, in PMF, meadows were never alternated with other crops, and there was no ploughing or harrowing, only mowing and irrigation. The cattle had the possibility to go in the outdoor paddock during the summer season.. Additional Context: For the given production system, the appropriate allocation method is:System expansion is not necessary, as the system is already representative of a specific agricultural production system (permanent meadows farm). Therefore, the answer is: ""none required"".",ML model predicted No biophysical but the humans predicted biophysical.,3.1325301204819276,46,allocationQA,original,rag
"animal housing producing Milk, cow, raw (FPCM) in Italy. Additional description: Permanent Meadows Farm - representative of farms located in the Po plain where the cattle were fed principally with forage, compound feed and small quantities of alfalfa and corn feed, without silage feed and protein ingredients. In this system, the forage has spontaneously grown solely in the grassland of the farm and, during warmer seasons, has been left to dry into hay. Therefore, the milk produced is commonly known as “hay milk”, destined to produce Grana Padano cheese as well. Differentiating from the other plain systems, in PMF, meadows were never alternated with other crops, and there was no ploughing or harrowing, only mowing and irrigation. The cattle had the possibility to go in the outdoor paddock during the summer season.. Additional Context: For the given production system, the appropriate allocation method is:System expansion is not necessary, as the system is already representative of a specific agricultural production system (permanent meadows farm). Therefore, the answer is: ""none required"".",ML model predicted economic but the humans predicted No economic.,73.49397590361446,46,allocationQA,original,rag
"permanent pasture producing Beef cattle in Brazil. Additional description: Rerfence system where feeding is performed only by grazing anfd the supply of mineral supplementation.. Additional Context: For the permanent pasture producing Beef cattle in Brazil production system, the appropriate allocation method is biophysical. This is because the system is complex, multi-output, and socio-ecological, and system expansion may not be feasible or desirable due to the lack of comparable substitutes for the co-products. Biophysical allocation is a suitable method for this system as it takes into account the physical relationships between the products, such as mass, volume, or carbon content.",ML model predicted economic but the humans predicted No economic.,73.49397590361446,48,allocationQA,original,rag
"permanent pasture producing Beef cattle in Brazil. Additional description: Rerfence system where feeding is performed only by grazing anfd the supply of mineral supplementation.. Additional Context: For the permanent pasture producing Beef cattle in Brazil production system, the appropriate allocation method is biophysical. This is because the system is complex, multi-output, and socio-ecological, and system expansion may not be feasible or desirable due to the lack of comparable substitutes for the co-products. Biophysical allocation is a suitable method for this system as it takes into account the physical relationships between the products, such as mass, volume, or carbon content.",ML model predicted mass but the humans predicted No mass.,0.4819277108433735,48,allocationQA,original,rag
"permanent pasture producing Beef cattle in Brazil. Additional description: Rerfence system where feeding is performed only by grazing anfd the supply of mineral supplementation.. Additional Context: For the permanent pasture producing Beef cattle in Brazil production system, the appropriate allocation method is biophysical. This is because the system is complex, multi-output, and socio-ecological, and system expansion may not be feasible or desirable due to the lack of comparable substitutes for the co-products. Biophysical allocation is a suitable method for this system as it takes into account the physical relationships between the products, such as mass, volume, or carbon content.",ML model predicted No none required but the humans predicted none required.,13.975903614457831,48,allocationQA,original,rag
"permanent pasture producing Beef cattle in Brazil. Additional description: Rerfence system where feeding is performed only by grazing anfd the supply of mineral supplementation.. What is in the system boundary? Additional Context: Here is a summary of the relevant life cycle assessment (LCA) information:**System boundary:** The system boundary includes the entire production process from birth to slaughter, including:* Breeding and reproduction* Grazing and feeding* Manure management* Land use and soil management* Feed production (grains, silage, and mineral supplements)* Energy production (e.g., electricity, fuel)* Water use and management* Waste management* Slaughter and processing**Subsystems:*** Extensive (EXT) system: no fencing, cattle grazed in the same manner, no supplementation* Semi-intensive (Semi-INT) system: cultivated pastures with Brachiaria and supplemented with mineral salts* Fattening system: cattle fattened on a mix of outdoor grazing and indoor feeding of grass silage and concentrates**Inputs:*** Feed (grains, silage, mineral supplements)* Water* Energy (electricity, fuel)* Manure* Land use and soil management* Mineral supplements**Outputs:*** Beef meat* Manure* Waste (e.g., silage, feed waste)* Greenhouse gas emissions (GHGs)* Water pollution (e",ML model predicted No True_soilAmendment but the humans predicted True_soilAmendment.,94.57831325301204,48,systemBoundaryQA,original,rag
"agri-food processor producing Meat, beef cattle (cold carcass weight) in Brazil. Additional description: Meat, beef (carcass-weight) - Mate Grosso country (Acroizal, Agua Boa, Brasnorte, Canarana, Chapada dos Guimaraes, Colider, Cuiaba, Gaucha do Norte, Nobres, Pedra Preta, Rondonopolis). What is in the system boundary? Additional Context: Here is a summary of the system boundary relevant to the context:* For beef production systems:	+ System boundary: ""cradle to farm-gate"" perspective	+ Includes:		- Farming systems (EXT and INT)		- Grazing and feeding systems		- Breeding and reproduction- Manure management		- Energy use (diesel fuel and electricity)		- Nutrient balances (fertilizers, manure, etc.)	+ Excludes:		- Upstream cutoff systems (e.g. construction, equipment maintenance, services)- Downstream processes (e.g. processing, packaging, distribution)* For agri-food processor producing meat:	+ System boundary: includes production of meat, beef cattle (cold carcass weight)	+ Includes:		- Farming systems (EXT and INT)		- Grazing and feeding systems		- Breeding and reproduction		- Manure management		- Energy use (diesel fuel and electricity)		- Nutrient balances (fertilizers, manure, etc.)	+ Excludes:		- Upstream processes (e.g. feed production, processing, packaging)",ML model predicted True_animalPopulation but the humans predicted No True_animalPopulation.,96.26506024096386,53,systemBoundaryQA,original,rag
"agri-food processor producing Meat, beef cattle (cold carcass weight) in Brazil. Additional description: Meat, beef (carcass-weight) - Mate Grosso country (Acroizal, Agua Boa, Brasnorte, Canarana, Chapada dos Guimaraes, Colider, Cuiaba, Gaucha do Norte, Nobres, Pedra Preta, Rondonopolis). What is in the system boundary? Additional Context: Here is a summary of the system boundary relevant to the context:* For beef production systems:	+ System boundary: ""cradle to farm-gate"" perspective	+ Includes:		- Farming systems (EXT and INT)		- Grazing and feeding systems		- Breeding and reproduction- Manure management		- Energy use (diesel fuel and electricity)		- Nutrient balances (fertilizers, manure, etc.)	+ Excludes:		- Upstream cutoff systems (e.g. construction, equipment maintenance, services)- Downstream processes (e.g. processing, packaging, distribution)* For agri-food processor producing meat:	+ System boundary: includes production of meat, beef cattle (cold carcass weight)	+ Includes:		- Farming systems (EXT and INT)		- Grazing and feeding systems		- Breeding and reproduction		- Manure management		- Energy use (diesel fuel and electricity)		- Nutrient balances (fertilizers, manure, etc.)	+ Excludes:		- Upstream processes (e.g. feed production, processing, packaging)",ML model predicted True_transport but the humans predicted No True_transport.,5.421686746987952,53,systemBoundaryQA,original,rag
"permanent pasture producing Milk, cow, raw in United Kingdom. Additional description: based on a stocking density of two 650kg dairy cows per hectare and includes an allowance for followers. inventory is based on cows being housed for 250 days and outdoors for 115 days. What is in the system boundary? Additional Context: The system boundary of the production system includes:* Dairy herd (lactating and dry cows, heifers, calves, and bulls)* Feed production (organic alfalfa, silages, grain premix, and other grass hays and silages)* Irrigation, fertilizers, pesticides, and machinery* Non-local feeds with related production and transport processes* Ancillary inputs (fuels, electricity, and drinking water for the cattle)* Farm buildings, roads, and tools* Equipment for grazing and haying* Manure and waste management* Pasture management (irrigation, manure spreading, and seeding)* Diffuse emissions (N2O, CH4) from manure spread or deposited on pastures* Milk processing plant (ultrapasteurization, homogenization, and packaging)* Transportation of animal feed and milk products* Employee transport and corporate office operation* Farming and grazing activities (including pasture management and animal husbandry)* Manure and waste treatment* Packaging and storage of milk and dairy products* Emissions to soil, water, and air from the entire production process.",ML model predicted No True_freshForage but the humans predicted True_freshForage.,53.855421686746986,54,systemBoundaryQA,original,rag
"permanent pasture producing Milk, cow, raw in United Kingdom. Additional description: based on a stocking density of two 650kg dairy cows per hectare and includes an allowance for followers. inventory is based on cows being housed for 250 days and outdoors for 115 days. Additional Context: The functional unit for the production system is 1 kg of raw milk from permanent pasture.",ML model predicted % but the humans predicted No %.,11.08433734939759,54,functionalUnitQA,original,rag
"permanent pasture producing Milk, cow, raw in United Kingdom. Additional description: based on a stocking density of two 650kg dairy cows per hectare and includes an allowance for followers. inventory is based on cows being housed for 250 days and outdoors for 115 days. What is in the system boundary? Additional Context: The system boundary of the production system includes:* Dairy herd (lactating and dry cows, heifers, calves, and bulls)* Feed production (organic alfalfa, silages, grain premix, and other grass hays and silages)* Irrigation, fertilizers, pesticides, and machinery* Non-local feeds with related production and transport processes* Ancillary inputs (fuels, electricity, and drinking water for the cattle)* Farm buildings, roads, and tools* Equipment for grazing and haying* Manure and waste management* Pasture management (irrigation, manure spreading, and seeding)* Diffuse emissions (N2O, CH4) from manure spread or deposited on pastures* Milk processing plant (ultrapasteurization, homogenization, and packaging)* Transportation of animal feed and milk products* Employee transport and corporate office operation* Farming and grazing activities (including pasture management and animal husbandry)* Manure and waste treatment* Packaging and storage of milk and dairy products* Emissions to soil, water, and air from the entire production process.",ML model predicted True_cropResidue but the humans predicted No True_cropResidue.,59.036144578313255,54,systemBoundaryQA,original,rag
"permanent pasture producing Milk, cow, raw in United Kingdom. Additional description: based on a stocking density of two 650kg dairy cows per hectare and includes an allowance for followers. inventory is based on cows being housed for 250 days and outdoors for 115 days. Additional Context: The functional unit for the production system is 1 kg of raw milk from permanent pasture.",ML model predicted No 1 ha but the humans predicted 1 ha.,4.698795180722891,54,functionalUnitQA,original,rag
"permanent pasture producing Milk, cow, raw in United Kingdom. Additional description: based on a stocking density of two 650kg dairy cows per hectare and includes an allowance for followers. inventory is based on cows being housed for 250 days and outdoors for 115 days. Additional Context: The functional unit for the production system is 1 kg of raw milk from permanent pasture.",ML model predicted relative but the humans predicted No relative.,95.3012048192771,54,functionalUnitQA,original,rag
"permanent pasture producing Milk, cow, raw in United Kingdom. Additional description: based on a stocking density of two 650kg dairy cows per hectare and includes an allowance for followers. inventory is based on cows being housed for 250 days and outdoors for 115 days. What is in the system boundary? Additional Context: The system boundary of the production system includes:* Dairy herd (lactating and dry cows, heifers, calves, and bulls)* Feed production (organic alfalfa, silages, grain premix, and other grass hays and silages)* Irrigation, fertilizers, pesticides, and machinery* Non-local feeds with related production and transport processes* Ancillary inputs (fuels, electricity, and drinking water for the cattle)* Farm buildings, roads, and tools* Equipment for grazing and haying* Manure and waste management* Pasture management (irrigation, manure spreading, and seeding)* Diffuse emissions (N2O, CH4) from manure spread or deposited on pastures* Milk processing plant (ultrapasteurization, homogenization, and packaging)* Transportation of animal feed and milk products* Employee transport and corporate office operation* Farming and grazing activities (including pasture management and animal husbandry)* Manure and waste treatment* Packaging and storage of milk and dairy products* Emissions to soil, water, and air from the entire production process.",ML model predicted No True_transport but the humans predicted True_transport.,5.421686746987952,54,systemBoundaryQA,original,rag
"permanent pasture producing Sheep, ewe in United Kingdom. Additional description: High sugar and white clover pasture mix for sheep and cattle.. Additional Context: The functional unit for the permanent pasture producing sheep system in the United Kingdom is 1 kg of greasy wool.",ML model predicted kg cold carcass weight/head but the humans predicted No kg cold carcass weight/head.,16.867469879518072,55,functionalUnitQA,original,rag
"permanent pasture producing Sheep, ewe in United Kingdom. Additional description: High sugar and white clover pasture mix for sheep and cattle.. Additional Context: The functional unit for the permanent pasture producing sheep system in the United Kingdom is 1 kg of greasy wool.",ML model predicted kg liveweight/head but the humans predicted No kg liveweight/head.,54.45783132530121,58,functionalUnitQA,original,rag
"permanent pasture producing Sheep, ewe in United Kingdom. Additional description: High sugar and white clover pasture mix for sheep and cattle.. Additional Context: The functional unit for the permanent pasture producing sheep system in the United Kingdom is 1 kg of greasy wool.",ML model predicted kg cold carcass weight/head but the humans predicted No kg cold carcass weight/head.,16.867469879518072,58,functionalUnitQA,original,rag
"animal housing producing Pig in Denmark. Additional description: Piglets. Additional Context: The functional unit for the animal housing producing Pig in Denmark is 1 kg of live weight (LW) of pigs leaving the pig unit, including culled SOWS and slaughter pigs.",ML model predicted No days but the humans predicted days.,10.0,60,functionalUnitQA,original,rag
"animal housing producing Pig in Denmark. Additional description: Piglets. What is in the system boundary? Additional Context: The system boundary of this production system includes:1. Animal housing2. Piglet production3. Sow breeding and gestation4. Farrowing5. Weaning6. Finishing phase7. Slaughtering8. Feed production (from Portuguese feed producers to the farm gate, 400 km)9. Slurry management and application on agricultural lands10. Electricity production11. Water and soil management12. Organic waste treatment13. Heat production14. Premix and fish meal production15. Natural gas production16. Avoided mineral fertilizer production and application17. Transportation of piglets, feeds, and other materials (up to 400 km)",ML model predicted No True_waste but the humans predicted True_waste.,8.19277108433735,60,systemBoundaryQA,original,rag
"animal housing producing Pig in Denmark. Additional description: Piglets. What is in the system boundary? Additional Context: The system boundary of this production system includes:1. Animal housing2. Piglet production3. Sow breeding and gestation4. Farrowing5. Weaning6. Finishing phase7. Slaughtering8. Feed production (from Portuguese feed producers to the farm gate, 400 km)9. Slurry management and application on agricultural lands10. Electricity production11. Water and soil management12. Organic waste treatment13. Heat production14. Premix and fish meal production15. Natural gas production16. Avoided mineral fertilizer production and application17. Transportation of piglets, feeds, and other materials (up to 400 km)",ML model predicted True_otherChemical but the humans predicted No True_otherChemical.,93.855421686747,60,systemBoundaryQA,original,rag
"animal housing producing Pig in Denmark. Additional description: Piglets. What is in the system boundary? Additional Context: The system boundary of this production system includes:1. Animal housing2. Piglet production3. Sow breeding and gestation4. Farrowing5. Weaning6. Finishing phase7. Slaughtering8. Feed production (from Portuguese feed producers to the farm gate, 400 km)9. Slurry management and application on agricultural lands10. Electricity production11. Water and soil management12. Organic waste treatment13. Heat production14. Premix and fish meal production15. Natural gas production16. Avoided mineral fertilizer production and application17. Transportation of piglets, feeds, and other materials (up to 400 km)",ML model predicted No True_electricityFuel but the humans predicted True_electricityFuel.,72.40963855421687,60,systemBoundaryQA,original,rag
"animal housing producing Pig in Denmark. Additional description: Piglets. Additional Context: For the animal housing production system producing Piglets in Denmark, the appropriate allocation method is ""none required"" because system expansion is not necessary.",ML model predicted economic but the humans predicted No economic.,73.49397590361446,60,allocationQA,original,rag
"agri-food processor producing Meat, beef cattle (cold carcass weight) in Ireland. Additional Context: The functional unit for the agri-food processor producing Meat, beef cattle (cold carcass weight) in Ireland is 1 kg of live weight (LW) of beef cattle.",ML model predicted % but the humans predicted No %.,11.08433734939759,63,functionalUnitQA,original,rag
"permanent pasture producing Sheep, ewe in United Kingdom. Additional description: Generic grass pasture for sheep and cattle.. Additional Context: The functional unit for the production system of permanent pasture producing sheep in the United Kingdom is one animal.",ML model predicted No kg cold carcass weight/head but the humans predicted kg cold carcass weight/head.,16.867469879518072,66,functionalUnitQA,original,rag
"agri-food processor producing Ripened cheese in Spain. What is in the system boundary? Additional Context: The system boundary of this production system includes:1. Dairy farm:    - Agricultural activities related to animal feed production (maize silage, ryegrass silage, straw, and concentrates)   - Raw milk production   - Transportation of raw milk to the dairy factory2. Dairy factory:  - Milk treatment   - Coagulation and moulding   - Salting and smoking   - Packaging3. Waste treatment:    - Treatment processes related to waste management of packaging materials and sludge from the WWTP (Wastewater Treatment Plant)",ML model predicted True_waste but the humans predicted No True_waste.,8.19277108433735,67,systemBoundaryQA,original,rag
" producing Broiler chicken in Russia. Additional description: Poultry production under the conditions of the central region in european Russia. What is in the system boundary? Additional Context: Here is a summary of the life cycle assessment (LCA) relevant information for the broiler chicken production system:**System Boundaries:*** Chicken farm* Slaughterhouse* Feed production line (including water treatment and steam production)* Packaging process (including packaging materials production and distribution)* Transportation of chickens from farm to slaughterhouse**Excluded Processes:*** Production of cleaning agents (detergents and disinfectants)* Production of vaccines and antibiotics* Solid-stream processing (activities related to processing of organic residues)* Production of capital goods and infrastructures**Included Processes:*** Reception of chicks at the farm gate* Fattening period of 34 days* Production of chicken feed (maize, wheat, soybean cake, soybean oil, monocalcium phosphate, protein concentrate, and fats)* Vaccination and antibiotic administration* Cleaning activities at the chicken farm* Wastewater treatment in a small WWTP on the chicken farm* Slaughterhouse activities (killing, scalding, evisceration, and packaging)* Transportation of chickens from farm to slaughterhouse",ML model predicted No True_pesticideVeterinaryDrug but the humans predicted True_pesticideVeterinaryDrug.,54.33734939759036,68,systemBoundaryQA,original,rag
 producing Broiler chicken in Russia. Additional description: Poultry production under the conditions of the central region in european Russia. Additional Context: The functional unit for the production system of producing Broiler chicken in Russia is 1 kg of live weight of broiler chicken.,ML model predicted No % but the humans predicted %.,11.08433734939759,68,functionalUnitQA,original,rag
 producing Broiler chicken in Russia. Additional description: Poultry production under the conditions of the central region in european Russia. Additional Context: The functional unit for the production system of producing Broiler chicken in Russia is 1 kg of live weight of broiler chicken.,ML model predicted days but the humans predicted No days.,10.0,68,functionalUnitQA,original,rag
" producing Broiler chicken in Russia. Additional description: Poultry production under the conditions of the central region in european Russia. What is in the system boundary? Additional Context: Here is a summary of the life cycle assessment (LCA) relevant information for the broiler chicken production system:**System Boundaries:*** Chicken farm* Slaughterhouse* Feed production line (including water treatment and steam production)* Packaging process (including packaging materials production and distribution)* Transportation of chickens from farm to slaughterhouse**Excluded Processes:*** Production of cleaning agents (detergents and disinfectants)* Production of vaccines and antibiotics* Solid-stream processing (activities related to processing of organic residues)* Production of capital goods and infrastructures**Included Processes:*** Reception of chicks at the farm gate* Fattening period of 34 days* Production of chicken feed (maize, wheat, soybean cake, soybean oil, monocalcium phosphate, protein concentrate, and fats)* Vaccination and antibiotic administration* Cleaning activities at the chicken farm* Wastewater treatment in a small WWTP on the chicken farm* Slaughterhouse activities (killing, scalding, evisceration, and packaging)* Transportation of chickens from farm to slaughterhouse",ML model predicted True_water but the humans predicted No True_water.,24.337349397590362,68,systemBoundaryQA,original,rag
" producing Broiler chicken in Russia. Additional description: Poultry production under the conditions of the central region in european Russia. Additional Context: For the production system of producing Broiler chicken in Russia, the appropriate allocation method is ""none required"" because system expansion is not necessary. This is because the production system is relatively simple and does not involve complex co-products that require allocation.",ML model predicted biophysical but the humans predicted No biophysical.,3.1325301204819276,68,allocationQA,original,rag
" producing Broiler chicken in Russia. Additional description: Poultry production under the conditions of the central region in european Russia. Additional Context: For the production system of producing Broiler chicken in Russia, the appropriate allocation method is ""none required"" because system expansion is not necessary. This is because the production system is relatively simple and does not involve complex co-products that require allocation.",ML model predicted No none but the humans predicted none.,8.674698795180722,68,allocationQA,original,rag
"animal housing producing Eggs, hen, in shell in Canada. Additional description: In multi-tier free run systems, hens live either directly on the floor or within an aviary structure, with access to perches, nest and scratch areas, and other enrichments.. Additional Context: Based on the provided context, the appropriate allocation method for the animal housing producing Eggs, hen, in shell in Canada is:Economic allocation.This is because the study aims to compare results with previous studies that used economic allocation, and it is also appealing since the economic value of poultry is relatively small compared to the value of eggs. Additionally, the study mentions that economic allocation is the last of the steps described in the ISO 14044 standard and is sometimes interpreted as the least desirable, but it is chosen here due to its practical approach.",ML model predicted economic but the humans predicted No economic.,73.49397590361446,69,allocationQA,original,rag
"permanent pasture producing Milk, cow, raw (FPCM) in Ireland. Additional description: A representative sample of Irish dairy farms.. Additional Context: The functional unit for the production system is 1 kg FPCM (Fat and Protein Corrected Milk).",ML model predicted % but the humans predicted No %.,11.08433734939759,73,functionalUnitQA,original,rag
"permanent pasture producing Milk, cow, raw (FPCM) in Ireland. Additional description: A representative sample of Irish dairy farms.. What is in the system boundary? Additional Context: The system boundary includes:1. Dairy herd (lactating and dry cows, heifers, calves, and bulls)2. Feed production (organic alfalfa, grain premix, and other grass hays and silages)3. Irrigation, manure spreading, and seeding of pastures4. Diffuse emissions (N2O, CH4) from manure spread or deposited on pastures5. Electricity and diesel usage for agricultural operations (e.g. fertiliser application, manure application, forage production)6. Manure management7. Transportation of feed and milk products8. Farm buildings and equipment (amortized over 50 years for farm buildings and 30 years for milk plant buildings)9. Employee transport and corporate office operation10. Raw milk processing at the dairy factory11. Packaging and storage of milk products12. Waste management and disposal of manure and other waste",ML model predicted True_animalFeed but the humans predicted No True_animalFeed.,95.06024096385542,73,systemBoundaryQA,original,rag
"permanent pasture producing Milk, cow, raw (FPCM) in Ireland. Additional description: A representative sample of Irish dairy farms.. Additional Context: Based on the provided information, the appropriate allocation method for the permanent pasture producing Milk, cow, raw (FPCM) in Ireland is:System expansion is not necessary in this case, as the production system is a simple, single-product system. Therefore, the answer is: ""none required"".",ML model predicted No biophysical but the humans predicted biophysical.,3.1325301204819276,73,allocationQA,original,rag
"permanent pasture producing Milk, cow, raw (FPCM) in Ireland. Additional description: A representative sample of Irish dairy farms.. Additional Context: Based on the provided information, the appropriate allocation method for the permanent pasture producing Milk, cow, raw (FPCM) in Ireland is:System expansion is not necessary in this case, as the production system is a simple, single-product system. Therefore, the answer is: ""none required"".",ML model predicted economic but the humans predicted No economic.,73.49397590361446,73,allocationQA,original,rag
"permanent pasture producing Beef cattle, calf (male, weaned) in France. Additional description: Beef production - France - January/February. Additional Context: For the given production system of permanent pasture producing Beef cattle, calf (male, weaned) in France, the appropriate allocation method is ""none required"". This is because system expansion is not necessary, as the production system is already a beef production system.",ML model predicted economic but the humans predicted No economic.,73.49397590361446,74,allocationQA,original,rag
"permanent pasture producing Beef cattle, calf (male, weaned) in France. Additional description: Beef production - France - January/February. Additional Context: For the given production system of permanent pasture producing Beef cattle, calf (male, weaned) in France, the appropriate allocation method is ""none required"". This is because system expansion is not necessary, as the production system is already a beef production system.",ML model predicted energy but the humans predicted No energy.,0.24096385542168675,74,allocationQA,original,rag
"animal housing producing Dairy cattle, calf in China. Additional Context: The product of the assessment is Dairy cattle.","ML model predicted No Dairy cattle, calf but the humans predicted Dairy cattle, calf.",0,78,productQA,original,rag
"animal housing producing Dairy cattle, calf in China. Additional Context: The functional unit for the production system ""animal housing producing Dairy cattle, calf in China"" is 1 kg of live weight (LW) of cattle.",ML model predicted days but the humans predicted No days.,10.0,78,functionalUnitQA,original,rag
"animal housing producing Dairy cattle, calf in China. Additional Context: The product of the assessment is Dairy cattle.","ML model predicted Dairy cattle, cow but the humans predicted No Dairy cattle, cow.",1.6867469879518073,78,productQA,original,rag
"permanent pasture producing Hides, dairy cattle, fresh in United Kingdom. Additional description: based on a stocking density of two 650kg dairy cows per hectare and includes an allowance for followers. inventory is based on cows being housed for 250 days and outdoors for 115 days. What is in the system boundary? Additional Context: The system boundary of the production system includes:- Dairy cattle (lactating and dry cows, heifers, calves, and bulls)- Non-lactating animals (bulls for insemination and labor, female calves and heifers for replacement, male calves and young bulls for sale)- Feed production (fertilizers, pesticides, machinery, non-local feeds, and local feeds)- Irrigation, manure spreading, and seeding of pastures- Drinking water for cattle- Equipment (roads, irrigation infrastructure, buildings, and tools)- Ancillary inputs (fuels and electricity)- Carbon sequestration and biogenic carbon emissions of locally produced feeds (not considered due to vegetation cycles shorter than one year)- Pasture production (for grazing systems)- Crop production (for mixed farming systems)- Manure- Feed- Animal transport- Grazing systems (for grazing systems)- Mixed farming systems (communal grazing, crop residues, and crops)- Industrial systems (poultry production, pig production, ruminant feedlot meat production, and large-scale dairy production)- Manure (exported from AOD farms)- Feed supplier farms- Consolidators (for non-local feeds)- Pasture acreages",ML model predicted True_cropResidue but the humans predicted No True_cropResidue.,59.036144578313255,79,systemBoundaryQA,original,rag
"permanent pasture producing Hides, dairy cattle, fresh in United Kingdom. Additional description: based on a stocking density of two 650kg dairy cows per hectare and includes an allowance for followers. inventory is based on cows being housed for 250 days and outdoors for 115 days. Additional Context: The product being assessed is 1 L of packaged fluid milk.",ML model predicted Meat but the humans predicted No Meat.,13.614457831325302,79,productQA,original,rag
"permanent pasture producing Hides, dairy cattle, fresh in United Kingdom. Additional description: based on a stocking density of two 650kg dairy cows per hectare and includes an allowance for followers. inventory is based on cows being housed for 250 days and outdoors for 115 days. Additional Context: The product being assessed is 1 L of packaged fluid milk.","ML model predicted No Hides, dairy cattle, fresh but the humans predicted Hides, dairy cattle, fresh.",0,79,productQA,original,rag
"permanent pasture producing Hides, dairy cattle, fresh in United Kingdom. Additional description: based on a stocking density of two 650kg dairy cows per hectare and includes an allowance for followers. inventory is based on cows being housed for 250 days and outdoors for 115 days. Additional Context: The product being assessed is 1 L of packaged fluid milk.","ML model predicted Dairy cattle, cow but the humans predicted No Dairy cattle, cow.",1.6867469879518073,79,productQA,original,rag
"permanent pasture producing Hides, dairy cattle, fresh in United Kingdom. Additional description: based on a stocking density of two 650kg dairy cows per hectare and includes an allowance for followers. inventory is based on cows being housed for 250 days and outdoors for 115 days. Additional Context: The product being assessed is 1 L of packaged fluid milk.","ML model predicted Meat, dairy cattle (liveweight) but the humans predicted No Meat, dairy cattle (liveweight).",2.6506024096385543,79,productQA,original,rag
"permanent pasture producing Hides, dairy cattle, fresh in United Kingdom. Additional description: based on a stocking density of two 650kg dairy cows per hectare and includes an allowance for followers. inventory is based on cows being housed for 250 days and outdoors for 115 days. Additional Context: The product being assessed is 1 L of packaged fluid milk.",ML model predicted Dairy cattle but the humans predicted No Dairy cattle.,3.1325301204819276,79,productQA,original,rag
"permanent pasture producing Hides, dairy cattle, fresh in United Kingdom. Additional description: based on a stocking density of two 650kg dairy cows per hectare and includes an allowance for followers. inventory is based on cows being housed for 250 days and outdoors for 115 days. Additional Context: The product being assessed is 1 L of packaged fluid milk.",ML model predicted No Hides but the humans predicted Hides.,0,79,productQA,original,rag
"permanent pasture producing Hides, dairy cattle, fresh in United Kingdom. Additional description: based on a stocking density of two 650kg dairy cows per hectare and includes an allowance for followers. inventory is based on cows being housed for 250 days and outdoors for 115 days. Additional Context: The functional unit for the production system is 1 kg of hides.",ML model predicted No 1 ha but the humans predicted 1 ha.,4.698795180722891,79,functionalUnitQA,original,rag
"permanent pasture producing Hides, dairy cattle, fresh in United Kingdom. Additional description: based on a stocking density of two 650kg dairy cows per hectare and includes an allowance for followers. inventory is based on cows being housed for 250 days and outdoors for 115 days. Additional Context: The functional unit for the production system is 1 kg of hides.",ML model predicted relative but the humans predicted No relative.,95.3012048192771,79,functionalUnitQA,original,rag
"permanent pasture producing Hides, dairy cattle, fresh in United Kingdom. Additional description: based on a stocking density of two 650kg dairy cows per hectare and includes an allowance for followers. inventory is based on cows being housed for 250 days and outdoors for 115 days. What is in the system boundary? Additional Context: The system boundary of the production system includes:- Dairy cattle (lactating and dry cows, heifers, calves, and bulls)- Non-lactating animals (bulls for insemination and labor, female calves and heifers for replacement, male calves and young bulls for sale)- Feed production (fertilizers, pesticides, machinery, non-local feeds, and local feeds)- Irrigation, manure spreading, and seeding of pastures- Drinking water for cattle- Equipment (roads, irrigation infrastructure, buildings, and tools)- Ancillary inputs (fuels and electricity)- Carbon sequestration and biogenic carbon emissions of locally produced feeds (not considered due to vegetation cycles shorter than one year)- Pasture production (for grazing systems)- Crop production (for mixed farming systems)- Manure- Feed- Animal transport- Grazing systems (for grazing systems)- Mixed farming systems (communal grazing, crop residues, and crops)- Industrial systems (poultry production, pig production, ruminant feedlot meat production, and large-scale dairy production)- Manure (exported from AOD farms)- Feed supplier farms- Consolidators (for non-local feeds)- Pasture acreages",ML model predicted No True_transport but the humans predicted True_transport.,5.421686746987952,79,systemBoundaryQA,original,rag
"permanent pasture producing Hides, dairy cattle, fresh in United Kingdom. Additional description: based on a stocking density of two 650kg dairy cows per hectare and includes an allowance for followers. inventory is based on cows being housed for 250 days and outdoors for 115 days. What is in the system boundary? Additional Context: The system boundary of the production system includes:- Dairy cattle (lactating and dry cows, heifers, calves, and bulls)- Non-lactating animals (bulls for insemination and labor, female calves and heifers for replacement, male calves and young bulls for sale)- Feed production (fertilizers, pesticides, machinery, non-local feeds, and local feeds)- Irrigation, manure spreading, and seeding of pastures- Drinking water for cattle- Equipment (roads, irrigation infrastructure, buildings, and tools)- Ancillary inputs (fuels and electricity)- Carbon sequestration and biogenic carbon emissions of locally produced feeds (not considered due to vegetation cycles shorter than one year)- Pasture production (for grazing systems)- Crop production (for mixed farming systems)- Manure- Feed- Animal transport- Grazing systems (for grazing systems)- Mixed farming systems (communal grazing, crop residues, and crops)- Industrial systems (poultry production, pig production, ruminant feedlot meat production, and large-scale dairy production)- Manure (exported from AOD farms)- Feed supplier farms- Consolidators (for non-local feeds)- Pasture acreages",ML model predicted No True_freshForage but the humans predicted True_freshForage.,53.855421686746986,79,systemBoundaryQA,original,rag
"permanent pasture producing Hides, dairy cattle, fresh in United Kingdom. Additional description: based on a stocking density of two 650kg dairy cows per hectare and includes an allowance for followers. inventory is based on cows being housed for 250 days and outdoors for 115 days. What is in the system boundary? Additional Context: The system boundary of the production system includes:- Dairy cattle (lactating and dry cows, heifers, calves, and bulls)- Non-lactating animals (bulls for insemination and labor, female calves and heifers for replacement, male calves and young bulls for sale)- Feed production (fertilizers, pesticides, machinery, non-local feeds, and local feeds)- Irrigation, manure spreading, and seeding of pastures- Drinking water for cattle- Equipment (roads, irrigation infrastructure, buildings, and tools)- Ancillary inputs (fuels and electricity)- Carbon sequestration and biogenic carbon emissions of locally produced feeds (not considered due to vegetation cycles shorter than one year)- Pasture production (for grazing systems)- Crop production (for mixed farming systems)- Manure- Feed- Animal transport- Grazing systems (for grazing systems)- Mixed farming systems (communal grazing, crop residues, and crops)- Industrial systems (poultry production, pig production, ruminant feedlot meat production, and large-scale dairy production)- Manure (exported from AOD farms)- Feed supplier farms- Consolidators (for non-local feeds)- Pasture acreages",ML model predicted No True_excreta but the humans predicted True_excreta.,27.349397590361445,79,systemBoundaryQA,original,rag
"agri-food processor producing Caciotta in Southern Europe. Additional description: Processing and packaging cycle to transform milk into various dairy products.. Additional Context: The product being assessed is Caciotta, a type of Italian cheese.",ML model predicted No Caciotta but the humans predicted Caciotta.,0,82,productQA,original,rag
"agri-food processor producing Caciotta in Southern Europe. Additional description: Processing and packaging cycle to transform milk into various dairy products.. Additional Context: The product being assessed is Caciotta, a type of Italian cheese.",ML model predicted Ricotta but the humans predicted No Ricotta.,0.4819277108433735,82,productQA,original,rag
"animal housing producing Layer chicken, pullet in Mexico. Additional description: Bird development phase (10 weeks). Additional Context: The functional unit for the production system of animal housing producing Layer chicken, pullet in Mexico is a kilogram of egg production.",ML model predicted kg liveweight/head but the humans predicted No kg liveweight/head.,54.45783132530121,84,functionalUnitQA,original,rag
"animal housing producing Layer chicken, pullet in Mexico. Additional description: Bird development phase (10 weeks). Additional Context: Based on the provided information, since the production system is a complex, multi-output, socio-ecological system, and system expansion may not be feasible or desirable, the appropriate allocation method is ""none required"".",ML model predicted none required but the humans predicted No none required.,13.975903614457831,84,allocationQA,original,rag
"animal housing producing Layer chicken, pullet in Mexico. Additional description: Bird development phase (10 weeks). What is in the system boundary? Additional Context: Here is a summary of the relevant life cycle assessment (LCA) information:**System Boundaries:*** The system includes all activities from the chicken farm to the slaughterhouse, including feed production, animal rearing, and packaging.* The system excludes activities outside the slaughterhouse, such as solid-stream processing and the production of capital goods and infrastructures.* The system boundaries include:	+ Chicken farm: production of feed, animal rearing, and production of bedding materials.	+ Slaughterhouse: production of broilers, processing, and packaging.+ Feed production: production of animal feed, including water treatment and wastewater management.	+ Packaging: production of packaging materials and their distribution to the slaughterhouse.**Excluded Activities:*** Solid-stream processing (e.g. processing of feathers, heads, and viscera).* Production of capital goods and infrastructures (e.g. machinery, buildings).* Animal drugs and the production of one-day-old chicks entering the breeder farms.* Composting of manure (although some manure is utilized as fertilizer).**Functional Unit:*** 1 kg Carcass Weight (CW) is used as the functional unit for the LCA assessment.**Inputs and Emissions:***",ML model predicted True_pesticideVeterinaryDrug but the humans predicted No True_pesticideVeterinaryDrug.,54.33734939759036,84,systemBoundaryQA,original,rag
"permanent pasture producing Dairy cattle, cow in United Kingdom. Additional description: Annual production cycle of a grass-based UK dairy farm on a high sugar grass (HSG), increasingly used in UK livestock holdings.. Additional Context: The functional unit for the permanent pasture producing dairy cattle system is 1 cow in the UK.",ML model predicted No days but the humans predicted days.,10.0,85,functionalUnitQA,original,rag
"agri-food processor producing Caciotta in Southern Europe. Additional description: Processing and packaging cycle to transform milk into various dairy products.. Additional Context: The product being assessed is Caciotta, a type of Italian cheese.",ML model predicted No Caciotta but the humans predicted Caciotta.,0,87,productQA,original,rag
"agri-food processor producing Caciotta in Southern Europe. Additional description: Processing and packaging cycle to transform milk into various dairy products.. Additional Context: The product being assessed is Caciotta, a type of Italian cheese.",ML model predicted Ricotta but the humans predicted No Ricotta.,0.4819277108433735,87,productQA,original,rag
"permanent pasture producing Meat, dairy cattle (liveweight) in Brazil. Additional description: Aggregate cycle representing data from 4 farms in the Central-East mesoregion on Parana in 2019, all producing milk under a semi-confinement system, where animals spend part of each day on pasture, and the remainder confined. What is in the system boundary? Additional Context: The system boundary of this production system includes:* All processes from cradle to farm gate* All main production inputs:	+ Dairy herd (lactating and dry cows, heifers, calves, and bulls)	+ Local feeds (pasture, mineral salts, and non-local feeds)+ Fertilizers, pesticides, and machinery	+ Drinking water for cattle	+ Ancillary inputs (fuels, electricity, and seeds)* Excluded:	+ Equipment (roads, irrigation infrastructure, buildings, and tools)+ Medicines and seeds (due to lack of unit processes in LCA databases)	+ Carbon sequestration and biogenic carbon emissions of locally produced feeds (vegetation cycles shorter than one year)+ Land use change for on-farm feed production (no changes in land management practices)",ML model predicted No True_seed but the humans predicted True_seed.,90.72289156626506,89,systemBoundaryQA,original,rag
"permanent pasture producing Meat, dairy cattle (liveweight) in Brazil. Additional description: Aggregate cycle representing data from 4 farms in the Central-East mesoregion on Parana in 2019, all producing milk under a semi-confinement system, where animals spend part of each day on pasture, and the remainder confined. What is in the system boundary? Additional Context: The system boundary of this production system includes:* All processes from cradle to farm gate* All main production inputs:	+ Dairy herd (lactating and dry cows, heifers, calves, and bulls)	+ Local feeds (pasture, mineral salts, and non-local feeds)+ Fertilizers, pesticides, and machinery	+ Drinking water for cattle	+ Ancillary inputs (fuels, electricity, and seeds)* Excluded:	+ Equipment (roads, irrigation infrastructure, buildings, and tools)+ Medicines and seeds (due to lack of unit processes in LCA databases)	+ Carbon sequestration and biogenic carbon emissions of locally produced feeds (vegetation cycles shorter than one year)+ Land use change for on-farm feed production (no changes in land management practices)",ML model predicted True_freshForage but the humans predicted No True_freshForage.,53.855421686746986,89,systemBoundaryQA,original,rag
"permanent pasture producing Beef cattle, heifer in United Kingdom. Additional description: High sugar and white clover pasture mix for sheep and cattle.. Additional Context: The functional unit for the permanent pasture producing Beef cattle, heifer in the United Kingdom is 1 kg of live weight (LW) of beef cattle.",ML model predicted kg cold carcass weight/head but the humans predicted No kg cold carcass weight/head.,16.867469879518072,92,functionalUnitQA,original,rag
"agri-food processor producing Cheese, cow in Italy. What is in the system boundary? Additional Context: The system boundary includes:1. Feed production on supplier farms2. Transport of animal feed and milk products3. Milk processing at the dairy factory4. Emissions from manure (raw or composted) until export5. Major building materials for farm and processing plant buildings6. Employee transport and corporate office operation7. Local milk production system (from cradle to farm gate)8. Dairy farm activities (animal feed production, milk production, and other inputs)9. Dairy factory activities (milk treatment, cheese production, and packaging)10. Waste treatment and disposal of packaging materials and sludge from WWTP11. Raw milk transport between dairy farm and dairy factory12. Emissions from livestock (CH4 and N20) and manure storage (NH3)13. Carbon sequestration and biogenic carbon emissions of locally produced feeds (not considered in this study)",ML model predicted No True_waste but the humans predicted True_waste.,8.19277108433735,93,systemBoundaryQA,original,rag
"animal housing producing Pig in Netherlands. Additional description: Sow and piglets. Additional Context: For the animal housing production system producing pigs in the Netherlands, the appropriate allocation method is ""none required"" because system expansion is not necessary.",ML model predicted economic but the humans predicted No economic.,73.49397590361446,95,allocationQA,original,rag
"animal housing producing Pig in Netherlands. Additional description: Sow and piglets. Additional Context: The functional unit for the animal housing producing Pig in Netherlands is 1 kg of live weight (LW) of pigs leaving the pig unit, including culled SOWS and slaughter pigs.",ML model predicted days but the humans predicted No days.,10.0,95,functionalUnitQA,original,rag
"animal housing producing Pig in Netherlands. Additional description: Sow and piglets. Additional Context: The functional unit for the animal housing producing Pig in Netherlands is 1 kg of live weight (LW) of pigs leaving the pig unit, including culled SOWS and slaughter pigs.",ML model predicted % but the humans predicted No %.,11.08433734939759,95,functionalUnitQA,original,rag
"animal housing producing Pig in Netherlands. Additional description: Sow and piglets. What is in the system boundary? Additional Context: The system boundary of this production system includes:1. Animal housing2. Sow and piglet production3. Feed production (from Portuguese feed producers to the farm gate, 400 km)4. Slurry management and application on agricultural lands5. Distribution of pig feed6. Slaughter of pigs7. Emissions from animal digestion, metabolic processes, and feed production8. Emissions from diesel use and transport activities9. Electricity production10. Water and soil management11. Organic waste management12. Heat production and treatment13. Premix and fish meal production14. Finishing phase15. WWTP (Wastewater Treatment Plant) emissions16. Emissions into air and water",ML model predicted True_liveAnimalInput but the humans predicted No True_liveAnimalInput.,93.97590361445783,95,systemBoundaryQA,original,rag
"animal housing producing Pig in Netherlands. Additional description: Sow and piglets. What is in the system boundary? Additional Context: The system boundary of this production system includes:1. Animal housing2. Sow and piglet production3. Feed production (from Portuguese feed producers to the farm gate, 400 km)4. Slurry management and application on agricultural lands5. Distribution of pig feed6. Slaughter of pigs7. Emissions from animal digestion, metabolic processes, and feed production8. Emissions from diesel use and transport activities9. Electricity production10. Water and soil management11. Organic waste management12. Heat production and treatment13. Premix and fish meal production14. Finishing phase15. WWTP (Wastewater Treatment Plant) emissions16. Emissions into air and water",ML model predicted No True_excreta but the humans predicted True_excreta.,27.349397590361445,95,systemBoundaryQA,original,rag
"animal housing producing Pig in Netherlands. Additional description: Sow and piglets. Additional Context: For the animal housing production system producing pigs in the Netherlands, the appropriate allocation method is ""none required"" because system expansion is not necessary.",ML model predicted No none required but the humans predicted none required.,13.975903614457831,95,allocationQA,original,rag
"animal housing producing Milk, cow, raw (FPCM) in Spain. Additional description: Pasture-based milk cycle. What is in the system boundary? Additional Context: The system boundary of the animal housing producing milk production system in Spain includes:* Farm activities related to milk production* On-farm and off-farm feeds production* Water and energy resources* Purchase of feeds (concentrates, fodders, silages, cereals, proteic feeds)* Purchase of bedding materials (straw, corn stalks, sawdust)* Production of manure from animal breeding* Production of ancillary inputs such as fuels and electricity* Drinking water for the cattle* Farm infrastructure (roads, irrigation infrastructure, buildings, tools)* Non-local feeds with related production and transport processes* Carbon sequestration and biogenic carbon emissions of locally produced feeds (alfalfa and maize) are not considered due to vegetation cycles shorter than one year.The system does not include:* Equipment of the farms with specialized tools* Medicines and seeds* Emissions from land use change for the production of on-farm feeds* Emissions from land use change for purchased feed production* Emissions from land use change for soybeans in Brazil* Emissions from animal respiration and CO2 fixed by plants through photosynthesis* Employee transport and corporate office operation* Manure leaving the farm without",ML model predicted True_pesticideVeterinaryDrug but the humans predicted No True_pesticideVeterinaryDrug.,54.33734939759036,101,systemBoundaryQA,original,rag
"animal housing producing Milk, cow, raw (FPCM) in Spain. Additional description: Pasture-based milk cycle. What is in the system boundary? Additional Context: The system boundary of the animal housing producing milk production system in Spain includes:* Farm activities related to milk production* On-farm and off-farm feeds production* Water and energy resources* Purchase of feeds (concentrates, fodders, silages, cereals, proteic feeds)* Purchase of bedding materials (straw, corn stalks, sawdust)* Production of manure from animal breeding* Production of ancillary inputs such as fuels and electricity* Drinking water for the cattle* Farm infrastructure (roads, irrigation infrastructure, buildings, tools)* Non-local feeds with related production and transport processes* Carbon sequestration and biogenic carbon emissions of locally produced feeds (alfalfa and maize) are not considered due to vegetation cycles shorter than one year.The system does not include:* Equipment of the farms with specialized tools* Medicines and seeds* Emissions from land use change for the production of on-farm feeds* Emissions from land use change for purchased feed production* Emissions from land use change for soybeans in Brazil* Emissions from animal respiration and CO2 fixed by plants through photosynthesis* Employee transport and corporate office operation* Manure leaving the farm without",ML model predicted True_freshForage but the humans predicted No True_freshForage.,53.855421686746986,101,systemBoundaryQA,original,rag
"animal housing producing Milk, cow, raw (FPCM) in Spain. Additional description: Pasture-based milk cycle. What is in the system boundary? Additional Context: The system boundary of the animal housing producing milk production system in Spain includes:* Farm activities related to milk production* On-farm and off-farm feeds production* Water and energy resources* Purchase of feeds (concentrates, fodders, silages, cereals, proteic feeds)* Purchase of bedding materials (straw, corn stalks, sawdust)* Production of manure from animal breeding* Production of ancillary inputs such as fuels and electricity* Drinking water for the cattle* Farm infrastructure (roads, irrigation infrastructure, buildings, tools)* Non-local feeds with related production and transport processes* Carbon sequestration and biogenic carbon emissions of locally produced feeds (alfalfa and maize) are not considered due to vegetation cycles shorter than one year.The system does not include:* Equipment of the farms with specialized tools* Medicines and seeds* Emissions from land use change for the production of on-farm feeds* Emissions from land use change for purchased feed production* Emissions from land use change for soybeans in Brazil* Emissions from animal respiration and CO2 fixed by plants through photosynthesis* Employee transport and corporate office operation* Manure leaving the farm without",ML model predicted True_animalFeed but the humans predicted No True_animalFeed.,95.06024096385542,101,systemBoundaryQA,original,rag
"animal housing producing Milk, cow, raw (FPCM) in Spain. Additional description: Pasture-based milk cycle. What is in the system boundary? Additional Context: The system boundary of the animal housing producing milk production system in Spain includes:* Farm activities related to milk production* On-farm and off-farm feeds production* Water and energy resources* Purchase of feeds (concentrates, fodders, silages, cereals, proteic feeds)* Purchase of bedding materials (straw, corn stalks, sawdust)* Production of manure from animal breeding* Production of ancillary inputs such as fuels and electricity* Drinking water for the cattle* Farm infrastructure (roads, irrigation infrastructure, buildings, tools)* Non-local feeds with related production and transport processes* Carbon sequestration and biogenic carbon emissions of locally produced feeds (alfalfa and maize) are not considered due to vegetation cycles shorter than one year.The system does not include:* Equipment of the farms with specialized tools* Medicines and seeds* Emissions from land use change for the production of on-farm feeds* Emissions from land use change for purchased feed production* Emissions from land use change for soybeans in Brazil* Emissions from animal respiration and CO2 fixed by plants through photosynthesis* Employee transport and corporate office operation* Manure leaving the farm without",ML model predicted True_operation but the humans predicted No True_operation.,38.31325301204819,101,systemBoundaryQA,original,rag
"animal housing producing Broiler chicken, hen in Thailand. Additional description: CB2-Parent farm 1. What is in the system boundary? Additional Context: Here is a summary of the relevant life cycle assessment (LCA) information:**System Boundaries:*** The system includes:	+ Animal housing (broiler chicken production)	+ Feed production	+ Vaccines and cleaning production	+ Slaughterhouse	+ Packaging process* Excluded from the system boundaries:	+ Solid-stream processing (outside the slaughterhouse)	+ Production of cleaning agents (outside the slaughterhouse)	+ Composting of manure (outside the system boundaries)	+ Production of animal drugs and chicks (outside the system boundaries)**Functional Unit:*** 1 kg Carcass Weight (CW) is used as the functional unit for the LCA assessment.**Life Cycle Stages:*** Upstream: Chick production and feed production* Downstream: Slaughterhouse, packaging, and distribution**Control Volumes:*** Distinct control volumes for the Grower (who owns and operates the houses) and the Integrator (who owns the birds and feed)* Combined control volume that encompasses the overall costs and life cycle impacts for the entire broiler production system.",ML model predicted True_liveAnimalInput but the humans predicted No True_liveAnimalInput.,93.97590361445783,103,systemBoundaryQA,original,rag
